iso3c,country,SPI.D1.MSC_2016,SPI.D1.MSC_2017,SPI.D1.MSC_2018
AFG,Afghanistan,33.33333333333333,33.33333333333333,33.33333333333333
AGO,Angola,37.5,37.5,37.5
ALB,Albania,79.16666666666666,79.16666666666666,83.33333333333334
ARE,United Arab Emirates,50,58.333333333333336,58.333333333333336
ARG,Argentina,45.83333333333333,45.83333333333333,45.83333333333333
ARM,Armenia,79.16666666666666,83.33333333333334,87.5
ATG,Antigua and Barbuda,33.33333333333333,29.166666666666668,29.166666666666668
AUS,Australia,95.83333333333334,100,100
AUT,Austria,91.66666666666666,91.66666666666666,91.66666666666666
AZE,Azerbaijan,62.5,70.83333333333334,79.16666666666666
BDI,Burundi,33.33333333333333,33.33333333333333,41.66666666666667
BEL,Belgium,87.5,87.5,87.5
BEN,Benin,20.833333333333336,29.166666666666668,29.166666666666668
BFA,Burkina Faso,25,33.33333333333333,33.33333333333333
BGD,Bangladesh,33.33333333333333,25,25
BGR,Bulgaria,87.5,87.5,91.66666666666666
BHR,Bahrain,41.66666666666667,37.5,37.5
BHS,"Bahamas, The",33.33333333333333,25,37.5
BIH,Bosnia and Herzegovina,66.66666666666666,66.66666666666666,62.5
BLR,Belarus,83.33333333333334,79.16666666666666,83.33333333333334
BLZ,Belize,29.166666666666668,29.166666666666668,29.166666666666668
BOL,Bolivia,16.666666666666664,16.666666666666664,16.666666666666664
BRA,Brazil,54.166666666666664,54.166666666666664,70.83333333333334
BRB,Barbados,33.33333333333333,33.33333333333333,33.33333333333333
BRN,Brunei Darussalam,37.5,41.66666666666667,45.83333333333333
BTN,Bhutan,20.833333333333336,20.833333333333336,20.833333333333336
BWA,Botswana,29.166666666666668,33.33333333333333,33.33333333333333
CAF,Central African Republic,16.666666666666664,16.666666666666664,16.666666666666664
CAN,Canada,91.66666666666666,91.66666666666666,91.66666666666666
CHE,Switzerland,75,75,75
CHL,Chile,62.5,62.5,70.83333333333334
CHN,China,45.83333333333333,50,54.166666666666664
CIV,Côte d'Ivoire,16.666666666666664,25,29.166666666666668
CMR,Cameroon,33.33333333333333,33.33333333333333,33.33333333333333
COD,"Congo, Dem. Rep.",16.666666666666664,16.666666666666664,20.833333333333336
COG,"Congo, Rep.",29.166666666666668,20.833333333333336,20.833333333333336
COL,Colombia,50,50,45.83333333333333
COM,Comoros,20.833333333333336,20.833333333333336,25
CPV,Cabo Verde,33.33333333333333,33.33333333333333,29.166666666666668
CRI,Costa Rica,58.333333333333336,70.83333333333334,70.83333333333334
CYP,Cyprus,83.33333333333334,83.33333333333334,87.5
CZE,Czech Republic,83.33333333333334,87.5,87.5
DEU,Germany,87.5,87.5,87.5
DJI,Djibouti,8.333333333333332,16.666666666666664,20.833333333333336
DMA,Dominica,45.83333333333333,41.66666666666667,41.66666666666667
DNK,Denmark,83.33333333333334,83.33333333333334,83.33333333333334
DOM,Dominican Republic,54.166666666666664,54.166666666666664,45.83333333333333
DZA,Algeria,25,25,29.166666666666668
ECU,Ecuador,50,50,45.83333333333333
EGY,"Egypt, Arab Rep.",66.66666666666666,66.66666666666666,66.66666666666666
ERI,Eritrea,8.333333333333332,8.333333333333332,8.333333333333332
ESP,Spain,87.5,87.5,87.5
EST,Estonia,83.33333333333334,83.33333333333334,83.33333333333334
ETH,Ethiopia,16.666666666666664,16.666666666666664,16.666666666666664
FIN,Finland,91.66666666666666,91.66666666666666,91.66666666666666
FJI,Fiji,37.5,50,54.166666666666664
FRA,France,91.66666666666666,91.66666666666666,91.66666666666666
FSM,"Micronesia, Fed. Sts.",16.666666666666664,16.666666666666664,16.666666666666664
GAB,Gabon,20.833333333333336,20.833333333333336,20.833333333333336
GBR,United Kingdom,75,83.33333333333334,83.33333333333334
GEO,Georgia,79.16666666666666,79.16666666666666,79.16666666666666
GHA,Ghana,41.66666666666667,37.5,37.5
GIN,Guinea,8.333333333333332,8.333333333333332,8.333333333333332
GMB,"Gambia, The",25,25,25
GNB,Guinea-Bissau,12.5,20.833333333333336,20.833333333333336
GNQ,Equatorial Guinea,16.666666666666664,20.833333333333336,25
GRC,Greece,79.16666666666666,79.16666666666666,79.16666666666666
GRD,Grenada,33.33333333333333,29.166666666666668,33.33333333333333
GTM,Guatemala,33.33333333333333,33.33333333333333,33.33333333333333
GUY,Guyana,33.33333333333333,25,25
HND,Honduras,37.5,37.5,37.5
HRV,Croatia,79.16666666666666,79.16666666666666,83.33333333333334
HTI,Haiti,20.833333333333336,20.833333333333336,20.833333333333336
HUN,Hungary,100,100,100
IDN,Indonesia,54.166666666666664,50,54.166666666666664
IND,India,50,50,50
IRL,Ireland,79.16666666666666,79.16666666666666,79.16666666666666
IRN,"Iran, Islamic Rep.",37.5,37.5,41.66666666666667
IRQ,Iraq,37.5,37.5,29.166666666666668
ISL,Iceland,91.66666666666666,91.66666666666666,91.66666666666666
ISR,Israel,87.5,87.5,87.5
ITA,Italy,91.66666666666666,91.66666666666666,91.66666666666666
JAM,Jamaica,41.66666666666667,33.33333333333333,29.166666666666668
JOR,Jordan,25,25,20.833333333333336
JPN,Japan,70.83333333333334,70.83333333333334,75
KAZ,Kazakhstan,75,75,75
KEN,Kenya,41.66666666666667,37.5,37.5
KGZ,Kyrgyz Republic,87.5,87.5,87.5
KHM,Cambodia,37.5,37.5,37.5
KIR,Kiribati,20.833333333333336,16.666666666666664,16.666666666666664
KNA,St. Kitts and Nevis,33.33333333333333,29.166666666666668,29.166666666666668
KOR,"Korea, Rep.",70.83333333333334,70.83333333333334,70.83333333333334
KWT,Kuwait,37.5,37.5,37.5
LAO,Lao PDR,8.333333333333332,16.666666666666664,20.833333333333336
LBN,Lebanon,25,29.166666666666668,29.166666666666668
LBR,Liberia,25,25,29.166666666666668
LBY,Libya,20.833333333333336,20.833333333333336,20.833333333333336
LCA,St. Lucia,33.33333333333333,29.166666666666668,33.33333333333333
LKA,Sri Lanka,45.83333333333333,54.166666666666664,54.166666666666664
LSO,Lesotho,33.33333333333333,37.5,37.5
LTU,Lithuania,100,100,100
LUX,Luxembourg,83.33333333333334,83.33333333333334,83.33333333333334
LVA,Latvia,91.66666666666666,91.66666666666666,91.66666666666666
MAR,Morocco,33.33333333333333,50,45.83333333333333
MDA,Moldova,87.5,87.5,87.5
MDG,Madagascar,29.166666666666668,29.166666666666668,29.166666666666668
MDV,Maldives,41.66666666666667,41.66666666666667,45.83333333333333
MEX,Mexico,58.333333333333336,79.16666666666666,79.16666666666666
MHL,Marshall Islands,4.166666666666666,4.166666666666666,8.333333333333332
MKD,"Macedonia, FYR",54.166666666666664,66.66666666666666,66.66666666666666
MLI,Mali,16.666666666666664,25,29.166666666666668
MLT,Malta,75,75,79.16666666666666
MMR,Myanmar,29.166666666666668,33.33333333333333,33.33333333333333
MNE,Montenegro,37.5,37.5,50
MNG,Mongolia,50,62.5,66.66666666666666
MOZ,Mozambique,33.33333333333333,33.33333333333333,33.33333333333333
MRT,Mauritania,29.166666666666668,29.166666666666668,25
MUS,Mauritius,75,70.83333333333334,75
MWI,Malawi,20.833333333333336,20.833333333333336,20.833333333333336
MYS,Malaysia,54.166666666666664,54.166666666666664,58.333333333333336
NAM,Namibia,29.166666666666668,29.166666666666668,29.166666666666668
NER,Niger,25,29.166666666666668,29.166666666666668
NGA,Nigeria,37.5,37.5,37.5
NIC,Nicaragua,29.166666666666668,33.33333333333333,29.166666666666668
NLD,Netherlands,91.66666666666666,91.66666666666666,91.66666666666666
NOR,Norway,83.33333333333334,91.66666666666666,91.66666666666666
NPL,Nepal,25,20.833333333333336,20.833333333333336
NRU,Nauru,8.333333333333332,16.666666666666664,12.5
NZL,New Zealand,54.166666666666664,66.66666666666666,66.66666666666666
OMN,Oman,33.33333333333333,37.5,33.33333333333333
PAK,Pakistan,33.33333333333333,29.166666666666668,33.33333333333333
PAN,Panama,25,25,29.166666666666668
PER,Peru,33.33333333333333,33.33333333333333,41.66666666666667
PHL,Philippines,45.83333333333333,41.66666666666667,45.83333333333333
PLW,Palau,25,25,29.166666666666668
PNG,Papua New Guinea,16.666666666666664,16.666666666666664,20.833333333333336
POL,Poland,91.66666666666666,91.66666666666666,91.66666666666666
PRT,Portugal,91.66666666666666,91.66666666666666,91.66666666666666
PRY,Paraguay,41.66666666666667,37.5,37.5
PSE,West Bank and Gaza,54.166666666666664,54.166666666666664,58.333333333333336
QAT,Qatar,37.5,33.33333333333333,33.33333333333333
ROU,Romania,66.66666666666666,66.66666666666666,79.16666666666666
RUS,Russian Federation,79.16666666666666,83.33333333333334,83.33333333333334
RWA,Rwanda,37.5,45.83333333333333,41.66666666666667
SAU,Saudi Arabia,29.166666666666668,29.166666666666668,29.166666666666668
SDN,Sudan,16.666666666666664,16.666666666666664,16.666666666666664
SEN,Senegal,29.166666666666668,41.66666666666667,41.66666666666667
SGP,Singapore,62.5,62.5,62.5
SLB,Solomon Islands,25,20.833333333333336,20.833333333333336
SLE,Sierra Leone,25,20.833333333333336,20.833333333333336
SLV,El Salvador,50,50,58.333333333333336
SMR,San Marino,50,58.333333333333336,58.333333333333336
SOM,Somalia,0,0,0
SRB,Serbia,66.66666666666666,75,79.16666666666666
SSD,South Sudan,20.833333333333336,20.833333333333336,25
STP,São Tomé and Principe,29.166666666666668,33.33333333333333,41.66666666666667
SUR,Suriname,50,50,45.83333333333333
SVK,Slovak Republic,91.66666666666666,100,100
SVN,Slovenia,83.33333333333334,83.33333333333334,83.33333333333334
SWE,Sweden,91.66666666666666,91.66666666666666,91.66666666666666
SWZ,Swaziland,33.33333333333333,33.33333333333333,37.5
SYC,Seychelles,62.5,58.333333333333336,58.333333333333336
SYR,Syrian Arab Republic,20.833333333333336,25,25
TCD,Chad,16.666666666666664,16.666666666666664,16.666666666666664
TGO,Togo,25,33.33333333333333,37.5
THA,Thailand,66.66666666666666,66.66666666666666,66.66666666666666
TJK,Tajikistan,45.83333333333333,45.83333333333333,45.83333333333333
TKM,Turkmenistan,4.166666666666666,4.166666666666666,4.166666666666666
TLS,Timor-Leste,50,50,50
TON,Tonga,25,33.33333333333333,33.33333333333333
TTO,Trinidad and Tobago,37.5,37.5,41.66666666666667
TUN,Tunisia,25,25,33.33333333333333
TUR,Turkey,79.16666666666666,87.5,100
TUV,Tuvalu,8.333333333333332,8.333333333333332,8.333333333333332
TZA,Tanzania,50,50,37.5
UGA,Uganda,58.333333333333336,54.166666666666664,54.166666666666664
UKR,Ukraine,75,83.33333333333334,87.5
URY,Uruguay,37.5,37.5,37.5
USA,United States,79.16666666666666,79.16666666666666,79.16666666666666
UZB,Uzbekistan,41.66666666666667,66.66666666666666,66.66666666666666
VCT,St. Vincent and the Grenadines,45.83333333333333,41.66666666666667,41.66666666666667
VEN,"Venezuela, RB",25,25,25
VNM,Vietnam,33.33333333333333,41.66666666666667,41.66666666666667
VUT,Vanuatu,20.833333333333336,16.666666666666664,16.666666666666664
WSM,Samoa,41.66666666666667,41.66666666666667,41.66666666666667
XKX,Kosovo,50,50,50
YEM,"Yemen, Rep.",25,25,25
ZAF,South Africa,62.5,62.5,62.5
ZMB,Zambia,37.5,37.5,37.5
ZWE,Zimbabwe,33.33333333333333,33.33333333333333,41.66666666666667
