iso3c,country,SPI.OVRL.SCR_2016,SPI.OVRL.SCR_2017,SPI.OVRL.SCR_2018,SPI.D1.MSC_2016,SPI.D1.MSC_2017,SPI.D1.MSC_2018,SPI.D2.CS_2016,SPI.D2.CS_2017,SPI.D2.CS_2018,SPI.D3.AKI_2016,SPI.D3.AKI_2017,SPI.D3.AKI_2018,SPI.D4.DPO_2016,SPI.D4.DPO_2017,SPI.D4.DPO_2018
AFG,Afghanistan,38.44494047619047,38.679315476190474,42.250744047619044,33.33333333333333,33.33333333333333,33.33333333333333,37.5,37.5,37.5,54.37499999999999,55.3125,55.3125,28.57142857142857,28.57142857142857,42.857142857142854
AGO,Angola,34.765625,34.140625,44.620535714285715,37.5,37.5,37.5,50,50,50,51.5625,49.0625,48.125,0,0,42.857142857142854
ALB,Albania,77.93898809523809,77.93898809523809,81.45833333333334,79.16666666666666,79.16666666666666,83.33333333333334,70,70,70,76.875,76.875,72.5,85.71428571428571,85.71428571428571,100
ARE,United Arab Emirates,40.089285714285715,42.64136904761905,43.11011904761905,50,58.333333333333336,58.333333333333336,32.5,32.5,32.5,35,36.875,38.75,42.857142857142854,42.857142857142854,42.857142857142854
ARG,Argentina,62.12797619047619,61.19047619047619,61.19047619047619,45.83333333333333,45.83333333333333,45.83333333333333,65,61.25000000000001,61.25000000000001,66.25,66.25,66.25,71.42857142857143,71.42857142857143,71.42857142857143
ARM,Armenia,79.65773809523809,81.16815476190476,85.78125,79.16666666666666,83.33333333333334,87.5,65,68.75,68.75,88.75,86.875,86.875,85.71428571428571,85.71428571428571,100
ATG,Antigua and Barbuda,24.661458333333332,21.432291666666664,21.197916666666664,33.33333333333333,29.166666666666668,29.166666666666668,32.5,28.749999999999996,28.749999999999996,32.8125,27.8125,26.875,0,0,0
AUS,Australia,89.66145833333334,90.703125,90.703125,95.83333333333334,100,100,100,100,100,62.81250000000001,62.81250000000001,62.81250000000001,100,100,100
AUT,Austria,80.32738095238093,80.32738095238093,91.51041666666666,91.66666666666666,91.66666666666666,91.66666666666666,100,100,100,72.5,72.5,74.375,57.14285714285714,57.14285714285714,100
AZE,Azerbaijan,67.44419642857143,67.26190476190476,72.91666666666666,62.5,70.83333333333334,79.16666666666666,51.24999999999999,47.5,47.5,70.3125,65,65,85.71428571428571,85.71428571428571,100
BDI,Burundi,46.313244047619044,43.891369047619044,51.889880952380956,33.33333333333333,33.33333333333333,41.66666666666667,60,51.24999999999999,61.25000000000001,49.0625,48.125,47.5,42.857142857142854,42.857142857142854,57.14285714285714
BEL,Belgium,79.28571428571428,79.28571428571428,86.89732142857143,87.5,87.5,87.5,100,100,100,72.5,72.5,74.375,57.14285714285714,57.14285714285714,85.71428571428571
BEN,Benin,46.33556547619048,46.62202380952381,56.08630952380952,20.833333333333336,29.166666666666668,29.166666666666668,78.75,77.5,72.5,57.1875,51.24999999999999,51.24999999999999,28.57142857142857,28.57142857142857,71.42857142857143
BFA,Burkina Faso,48.604910714285715,45.922619047619044,48.32217261904762,25,33.33333333333333,33.33333333333333,73.75,56.25,52.5,52.81249999999999,51.24999999999999,50.31250000000001,42.857142857142854,42.857142857142854,57.14285714285714
BGD,Bangladesh,47.81994047619047,47.92410714285714,51.886160714285715,33.33333333333333,25,25,65,70,66.25,64.375,68.125,73.4375,28.57142857142857,28.57142857142857,42.857142857142854
BGR,Bulgaria,78.63839285714286,78.63839285714286,85.57291666666666,87.5,87.5,91.66666666666666,75,75,70,80.625,80.625,80.625,71.42857142857143,71.42857142857143,100
BHR,Bahrain,38.65327380952381,36.67410714285714,43.035714285714285,41.66666666666667,37.5,37.5,28.749999999999996,25,25,55.625,55.625,52.5,28.57142857142857,28.57142857142857,57.14285714285714
BHS,"Bahamas, The",31.614583333333332,28.59375,45.770089285714285,33.33333333333333,25,37.5,48.75,45,45,44.375,44.375,43.4375,0,0,57.14285714285714
BIH,Bosnia and Herzegovina,60.45014880952381,58.34077380952381,66.52901785714286,66.66666666666666,66.66666666666666,62.5,70,65,60,76.5625,73.125,72.1875,28.57142857142857,28.57142857142857,71.42857142857143
BLR,Belarus,64.96279761904762,64.85863095238095,73.66815476190476,83.33333333333334,79.16666666666666,83.33333333333334,48.75,52.5,56.25,70.625,70.625,69.375,57.14285714285714,57.14285714285714,85.71428571428571
BLZ,Belize,46.59970238095239,47.53720238095239,58.2514880952381,29.166666666666668,29.166666666666668,29.166666666666668,56.25,60,60,58.12500000000001,58.12500000000001,58.12500000000001,42.857142857142854,42.857142857142854,85.71428571428571
BOL,Bolivia,45.27157738095238,44.64657738095238,48.92113095238095,16.666666666666664,16.666666666666664,16.666666666666664,63.74999999999999,63.74999999999999,67.5,57.8125,55.3125,54.37499999999999,42.857142857142854,42.857142857142854,57.14285714285714
BRA,Brazil,65.69568452380952,64.13318452380952,73.43377976190476,54.166666666666664,54.166666666666664,70.83333333333334,66.25,60,66.25,70.9375,70.9375,70.9375,71.42857142857143,71.42857142857143,85.71428571428571
BRB,Barbados,25.755208333333332,24.973958333333332,24.427083333333332,33.33333333333333,33.33333333333333,33.33333333333333,32.5,32.5,32.5,37.1875,34.0625,31.874999999999996,0,0,0
BRN,Brunei Darussalam,44.598214285714285,45.32738095238095,47.15029761904761,37.5,41.66666666666667,45.83333333333333,36.25,36.25,36.25,47.5,46.25,49.375,57.14285714285714,57.14285714285714,57.14285714285714
BTN,Bhutan,40.92261904761905,42.25074404761905,42.71949404761905,20.833333333333336,20.833333333333336,20.833333333333336,46.25,52.5,52.5,53.75,52.81249999999999,54.6875,42.857142857142854,42.857142857142854,42.857142857142854
BWA,Botswana,48.764880952380956,44.96279761904762,52.10565476190476,29.166666666666668,33.33333333333333,33.33333333333333,47.5,36.25,36.25,61.25000000000001,53.125,53.125,57.14285714285714,57.14285714285714,85.71428571428571
CAF,Central African Republic,17.760416666666668,16.822916666666664,20.394345238095234,16.666666666666664,16.666666666666664,16.666666666666664,27.500000000000004,23.75,23.75,26.875,26.875,26.875,0,0,14.285714285714285
CAN,Canada,86.14211309523809,86.14211309523809,89.71354166666666,91.66666666666666,91.66666666666666,91.66666666666666,100,100,100,67.1875,67.1875,67.1875,85.71428571428571,85.71428571428571,100
CHE,Switzerland,79.26339285714286,79.26339285714286,83.30357142857143,75,75,75,100,100,100,70.625,70.625,72.5,71.42857142857143,71.42857142857143,85.71428571428571
CHL,Chile,67.77901785714286,69.96651785714286,81.22395833333334,62.5,62.5,70.83333333333334,66.25,70,75,70.9375,75.9375,79.0625,71.42857142857143,71.42857142857143,100
CHN,China,57.67485119047619,59.34151785714286,58.19568452380952,45.83333333333333,50,54.166666666666664,48.75,48.75,42.5,64.6875,67.1875,64.6875,71.42857142857143,71.42857142857143,71.42857142857143
CIV,Côte d'Ivoire,NA,NA,NA,16.666666666666664,25,29.166666666666668,52.5,56.25,60,NA,NA,NA,28.57142857142857,28.57142857142857,57.14285714285714
CMR,Cameroon,40.78869047619047,40.47619047619048,39.22619047619047,33.33333333333333,33.33333333333333,33.33333333333333,43.75,45,41.25,57.49999999999999,55.00000000000001,53.75,28.57142857142857,28.57142857142857,28.57142857142857
COD,"Congo, Dem. Rep.",21.197916666666664,22.604166666666664,26.748511904761905,16.666666666666664,16.666666666666664,20.833333333333336,28.749999999999996,36.25,36.25,39.375,37.5,35.625,0,0,14.285714285714285
COG,"Congo, Rep.",30.807291666666668,28.098958333333336,30.967261904761905,29.166666666666668,20.833333333333336,20.833333333333336,45,45,45,49.0625,46.5625,43.75,0,0,14.285714285714285
COL,Colombia,78.125,76.171875,76.45833333333333,50,50,45.83333333333333,87.5,81.25,87.5,75,73.4375,72.5,100,100,100
COM,Comoros,20.755208333333336,22.317708333333336,28.314732142857142,20.833333333333336,20.833333333333336,25,23.75,30,30,38.4375,38.4375,29.6875,0,0,28.57142857142857
CPV,Cabo Verde,52.98735119047619,53.29985119047619,54.34523809523809,33.33333333333333,33.33333333333333,29.166666666666668,52.5,48.75,45,54.6875,59.68750000000001,57.49999999999999,71.42857142857143,71.42857142857143,85.71428571428571
CRI,Costa Rica,76.14583333333334,79.27083333333334,80.52083333333334,58.333333333333336,70.83333333333334,70.83333333333334,61.25000000000001,61.25000000000001,66.25,85,85,85,100,100,100
CYP,Cyprus,72.56324404761905,72.79761904761905,81.21651785714286,83.33333333333334,83.33333333333334,87.5,100,100,100,64.0625,65,65.9375,42.857142857142854,42.857142857142854,71.42857142857143
CZE,Czech Republic,74.67261904761905,75.71428571428571,90.46875,83.33333333333334,87.5,87.5,100,100,100,72.5,72.5,74.375,42.857142857142854,42.857142857142854,100
DEU,Germany,82.85714285714286,83.32589285714286,90.46875,87.5,87.5,87.5,100,100,100,72.5,74.375,74.375,71.42857142857143,71.42857142857143,100
DJI,Djibouti,22.395833333333332,23.541666666666664,32.97619047619048,8.333333333333332,16.666666666666664,20.833333333333336,40,36.25,41.25,41.25,41.25,41.25,0,0,28.57142857142857
DMA,Dominica,27.552083333333332,26.276041666666668,26.276041666666668,45.83333333333333,41.66666666666667,41.66666666666667,32.5,32.5,32.5,31.874999999999996,30.9375,30.9375,0,0,0
DNK,Denmark,78.24404761904762,78.24404761904762,82.2842261904762,83.33333333333334,83.33333333333334,83.33333333333334,100,100,100,72.5,72.5,74.375,57.14285714285714,57.14285714285714,71.42857142857143
DOM,Dominican Republic,61.18675595238095,61.26488095238095,62.20610119047619,54.166666666666664,54.166666666666664,45.83333333333333,66.25,66.25,65,67.1875,67.5,66.5625,57.14285714285714,57.14285714285714,71.42857142857143
DZA,Algeria,36.14955357142857,34.97767857142857,45.17113095238095,25,25,29.166666666666668,52.5,48.75,48.75,52.81249999999999,51.87500000000001,45.625,14.285714285714285,14.285714285714285,57.14285714285714
ECU,Ecuador,64.49776785714286,64.73214285714286,67.49627976190476,50,50,45.83333333333333,56.25,56.25,56.25,80.3125,81.25,82.1875,71.42857142857143,71.42857142857143,85.71428571428571
EGY,"Egypt, Arab Rep.",66.16443452380952,64.44568452380952,68.72023809523809,66.66666666666666,66.66666666666666,66.66666666666666,65,61.25000000000001,65,61.5625,58.4375,57.49999999999999,71.42857142857143,71.42857142857143,85.71428571428571
ERI,Eritrea,5.989583333333333,5.052083333333333,5.052083333333333,8.333333333333332,8.333333333333332,8.333333333333332,3.75,3.75,3.75,11.875,8.125,8.125,0,0,0
ESP,Spain,86.42857142857143,86.42857142857143,86.89732142857143,87.5,87.5,87.5,100,100,100,72.5,72.5,74.375,85.71428571428571,85.71428571428571,85.71428571428571
EST,Estonia,84.60565476190476,84.60565476190476,88.64583333333334,83.33333333333334,83.33333333333334,83.33333333333334,100,100,100,69.375,69.375,71.25,85.71428571428571,85.71428571428571,100
ETH,Ethiopia,43.206845238095234,44.144345238095234,53.29613095238095,16.666666666666664,16.666666666666664,16.666666666666664,82.5,87.5,81.25,59.375,58.12500000000001,58.12500000000001,14.285714285714285,14.285714285714285,57.14285714285714
FIN,Finland,83.89880952380952,83.89880952380952,91.51041666666666,91.66666666666666,91.66666666666666,91.66666666666666,100,100,100,72.5,72.5,74.375,71.42857142857143,71.42857142857143,100
FJI,Fiji,40.65848214285714,44.48660714285714,54.52380952380952,37.5,50,54.166666666666664,45,48.75,48.75,51.5625,50.625,43.75,28.57142857142857,28.57142857142857,71.42857142857143
FRA,France,87.47023809523809,87.47023809523809,91.51041666666666,91.66666666666666,91.66666666666666,91.66666666666666,100,100,100,72.5,72.5,74.375,85.71428571428571,85.71428571428571,100
FSM,"Micronesia, Fed. Sts.",24.590773809523807,24.590773809523807,28.16220238095238,16.666666666666664,16.666666666666664,16.666666666666664,32.5,32.5,32.5,20.625,20.625,20.625,28.57142857142857,28.57142857142857,42.857142857142854
GAB,Gabon,26.748511904761905,26.748511904761905,27.295386904761905,20.833333333333336,20.833333333333336,20.833333333333336,30,30,33.75,41.875,41.875,40.3125,14.285714285714285,14.285714285714285,14.285714285714285
GBR,United Kingdom,81.35044642857143,83.90252976190476,87.47395833333334,75,83.33333333333334,83.33333333333334,100,100,100,64.6875,66.5625,66.5625,85.71428571428571,85.71428571428571,100
GEO,Georgia,74.21130952380952,74.21130952380952,74.21130952380952,79.16666666666666,79.16666666666666,79.16666666666666,61.25000000000001,61.25000000000001,61.25000000000001,85,85,85,71.42857142857143,71.42857142857143,71.42857142857143
GHA,Ghana,52.14657738095239,52.589285714285715,62.20982142857143,41.66666666666667,37.5,37.5,61.25000000000001,61.25000000000001,57.49999999999999,62.81250000000001,68.75,68.125,42.857142857142854,42.857142857142854,85.71428571428571
GIN,Guinea,26.982886904761905,28.154761904761905,41.03422619047619,8.333333333333332,8.333333333333332,8.333333333333332,33.75,37.5,33.75,51.5625,52.5,50.625,14.285714285714285,14.285714285714285,71.42857142857143
GMB,"Gambia, The",36.54017857142857,34.66517857142857,41.339285714285715,25,25,25,61.25000000000001,53.75,53.75,45.625,45.625,43.75,14.285714285714285,14.285714285714285,42.857142857142854
GNB,Guinea-Bissau,28.64955357142857,28.311011904761905,31.882440476190478,12.5,20.833333333333336,20.833333333333336,45,36.25,36.25,42.8125,41.875,41.875,14.285714285714285,14.285714285714285,28.57142857142857
GNQ,Equatorial Guinea,20.260416666666664,19.114583333333332,23.72767857142857,16.666666666666664,20.833333333333336,25,28.749999999999996,28.749999999999996,28.749999999999996,35.625,26.875,26.875,0,0,14.285714285714285
GRC,Greece,76.73363095238095,76.73363095238095,87.91666666666666,79.16666666666666,79.16666666666666,79.16666666666666,100,100,100,70.625,70.625,72.5,57.14285714285714,57.14285714285714,100
GRD,Grenada,28.411458333333332,27.135416666666664,31.514136904761905,33.33333333333333,29.166666666666668,33.33333333333333,28.749999999999996,28.749999999999996,28.749999999999996,51.5625,50.625,49.6875,0,0,14.285714285714285
GTM,Guatemala,50.63244047619047,46.64806547619047,51.39136904761905,33.33333333333333,33.33333333333333,33.33333333333333,63.74999999999999,48.75,55.00000000000001,76.875,75.9375,74.375,28.57142857142857,28.57142857142857,42.857142857142854
GUY,Guyana,30.286458333333332,27.96875,33.86160714285714,33.33333333333333,25,25,41.25,41.25,36.25,46.5625,45.625,45.625,0,0,28.57142857142857
HND,Honduras,53.31473214285714,52.37723214285714,62.77901785714286,37.5,37.5,37.5,82.5,78.75,77.5,64.6875,64.6875,64.6875,28.57142857142857,28.57142857142857,71.42857142857143
HRV,Croatia,78.09523809523809,77.62648809523809,79.13690476190476,79.16666666666666,79.16666666666666,83.33333333333334,75,75,75,72.5,70.625,72.5,85.71428571428571,85.71428571428571,85.71428571428571
HTI,Haiti,28.467261904761905,29.326636904761905,36.31324404761905,20.833333333333336,20.833333333333336,20.833333333333336,30,36.25,45,48.75,45.9375,36.5625,14.285714285714285,14.285714285714285,42.857142857142854
HUN,Hungary,93.125,93.125,93.59375,100,100,100,100,100,100,72.5,72.5,74.375,100,100,100
IDN,Indonesia,66.94568452380952,65.43526785714286,72.68229166666666,54.166666666666664,50,54.166666666666664,75,75,75,67.1875,65.3125,61.5625,71.42857142857143,71.42857142857143,100
IND,India,60.770089285714285,60.770089285714285,68.22544642857143,50,50,50,78.75,78.75,78.75,57.1875,57.1875,58.4375,57.14285714285714,57.14285714285714,85.71428571428571
IRL,Ireland,80.77380952380952,81.24255952380952,84.81398809523809,79.16666666666666,79.16666666666666,79.16666666666666,100,100,100,72.5,74.375,74.375,71.42857142857143,71.42857142857143,85.71428571428571
IRN,"Iran, Islamic Rep.",44.01785714285714,44.01785714285714,49.09970238095239,37.5,37.5,41.66666666666667,50,50,50,60,60,61.875,28.57142857142857,28.57142857142857,42.857142857142854
IRQ,Iraq,33.59375,33.515625,27.994791666666668,37.5,37.5,29.166666666666668,48.75,45,40,48.125,51.5625,42.8125,0,0,0
ISL,Iceland,80.24925595238093,80.24925595238093,86.61086309523809,91.66666666666666,91.66666666666666,91.66666666666666,100,100,100,72.1875,72.1875,69.0625,57.14285714285714,57.14285714285714,85.71428571428571
ISR,Israel,82.15401785714286,82.93526785714286,82.62276785714286,87.5,87.5,87.5,100,100,100,69.6875,72.8125,71.5625,71.42857142857143,71.42857142857143,71.42857142857143
ITA,Italy,83.89880952380952,83.89880952380952,87.93898809523809,91.66666666666666,91.66666666666666,91.66666666666666,100,100,100,72.5,72.5,74.375,71.42857142857143,71.42857142857143,85.71428571428571
JAM,Jamaica,53.60863095238095,51.52529761904761,52.80505952380953,41.66666666666667,33.33333333333333,29.166666666666668,57.49999999999999,57.49999999999999,52.5,58.12500000000001,58.12500000000001,58.12500000000001,57.14285714285714,57.14285714285714,71.42857142857143
JOR,Jordan,52.566964285714285,51.629464285714285,51.81547619047619,25,25,20.833333333333336,70,66.25,61.25000000000001,58.12500000000001,58.12500000000001,53.75,57.14285714285714,57.14285714285714,71.42857142857143
JPN,Japan,70.68824404761905,70.21949404761905,81.97544642857143,70.83333333333334,70.83333333333334,75,100,100,100,69.0625,67.1875,67.1875,42.857142857142854,42.857142857142854,85.71428571428571
KAZ,Kazakhstan,71.31696428571428,71.78571428571428,74.26339285714286,75,75,75,70,70,63.74999999999999,83.125,85,86.875,57.14285714285714,57.14285714285714,71.42857142857143
KEN,Kenya,43.67559523809524,42.79017857142857,52.879464285714285,41.66666666666667,37.5,37.5,65,65,65,53.75,54.37499999999999,51.87500000000001,14.285714285714285,14.285714285714285,57.14285714285714
KGZ,Kyrgyz Republic,67.41071428571428,67.41071428571428,70.98214285714286,87.5,87.5,87.5,46.25,46.25,46.25,78.75,78.75,78.75,57.14285714285714,57.14285714285714,71.42857142857143
KHM,Cambodia,56.573660714285715,56.339285714285715,59.910714285714285,37.5,37.5,37.5,82.5,82.5,82.5,63.4375,62.5,62.5,42.857142857142854,42.857142857142854,57.14285714285714
KIR,Kiribati,20.052083333333336,18.072916666666664,18.072916666666664,20.833333333333336,16.666666666666664,16.666666666666664,32.5,28.749999999999996,28.749999999999996,26.875,26.875,26.875,0,0,0
KNA,St. Kitts and Nevis,20.677083333333332,19.635416666666664,19.635416666666664,33.33333333333333,29.166666666666668,29.166666666666668,28.749999999999996,28.749999999999996,28.749999999999996,20.625,20.625,20.625,0,0,0
KOR,"Korea, Rep.",74.02529761904762,73.55654761904762,80.69940476190476,70.83333333333334,70.83333333333334,70.83333333333334,100,100,100,68.125,66.25,66.25,57.14285714285714,57.14285714285714,85.71428571428571
KWT,Kuwait,36.85267857142857,37.63392857142857,43.761160714285715,37.5,37.5,37.5,46.25,46.25,46.25,49.375,52.5,48.4375,14.285714285714285,14.285714285714285,42.857142857142854
LAO,Lao PDR,33.857886904761905,34.456845238095234,52.44047619047619,8.333333333333332,16.666666666666664,20.833333333333336,67.5,62.5,71.25,45.3125,44.375,46.25,14.285714285714285,14.285714285714285,71.42857142857143
LBN,Lebanon,35.91517857142857,32.97247023809524,39.17782738095238,25,29.166666666666668,29.166666666666668,56.25,47.5,43.75,48.125,40.9375,40.9375,14.285714285714285,14.285714285714285,42.857142857142854
LBR,Liberia,39.375,38.515625,46.46577380952381,25,25,29.166666666666668,73.75,68.75,68.75,58.75,60.3125,59.375,0,0,28.57142857142857
LBY,Libya,15.520833333333334,12.395833333333334,13.489583333333334,20.833333333333336,20.833333333333336,20.833333333333336,25,12.5,18.75,16.25,16.25,14.374999999999998,0,0,0
LCA,St. Lucia,41.64806547619047,40.84077380952381,44.672619047619044,33.33333333333333,29.166666666666668,33.33333333333333,48.75,48.75,48.75,55.93749999999999,56.875,53.75,28.57142857142857,28.57142857142857,42.857142857142854
LKA,Sri Lanka,64.78422619047619,67.41443452380952,69.03273809523809,45.83333333333333,54.166666666666664,54.166666666666664,76.25,72.5,68.75,65.625,71.5625,67.5,71.42857142857143,71.42857142857143,85.71428571428571
LSO,Lesotho,47.97619047619047,49.87723214285714,59.65401785714286,33.33333333333333,37.5,37.5,77.5,82.5,78.75,52.5,50.9375,50.9375,28.57142857142857,28.57142857142857,71.42857142857143
LTU,Lithuania,82.41071428571428,82.41071428571428,93.59375,100,100,100,100,100,100,72.5,72.5,74.375,57.14285714285714,57.14285714285714,100
LUX,Luxembourg,77.22842261904762,77.22842261904762,84.84002976190476,83.33333333333334,83.33333333333334,83.33333333333334,100,100,100,68.4375,68.4375,70.3125,57.14285714285714,57.14285714285714,85.71428571428571
LVA,Latvia,87.00148809523809,87.47023809523809,87.93898809523809,91.66666666666666,91.66666666666666,91.66666666666666,100,100,100,70.625,72.5,74.375,85.71428571428571,85.71428571428571,85.71428571428571
MAR,Morocco,54.65029761904761,56.395089285714285,54.10342261904761,33.33333333333333,50,45.83333333333333,63.74999999999999,55.00000000000001,50,64.375,63.4375,63.4375,57.14285714285714,57.14285714285714,57.14285714285714
MDA,Moldova,68.50446428571428,68.50446428571428,79.21875,87.5,87.5,87.5,52.5,52.5,52.5,76.875,76.875,76.875,57.14285714285714,57.14285714285714,100
MDG,Madagascar,29.635416666666668,28.151041666666668,35.97470238095238,29.166666666666668,29.166666666666668,29.166666666666668,40,35,26.25,49.375,48.4375,45.625,0,0,42.857142857142854
MDV,Maldives,36.48809523809524,34.55729166666667,42.50744047619047,41.66666666666667,41.66666666666667,45.83333333333333,43.75,48.75,48.75,46.25,47.8125,46.875,14.285714285714285,0,28.57142857142857
MEX,Mexico,78.90252976190476,84.11086309523809,87.36979166666666,58.333333333333336,79.16666666666666,79.16666666666666,86.25,86.25,85,85.3125,85.3125,85.3125,85.71428571428571,85.71428571428571,100
MHL,Marshall Islands,16.510416666666664,14.479166666666666,14.583333333333332,4.166666666666666,4.166666666666666,8.333333333333332,28.749999999999996,28.749999999999996,25,33.125,25,25,0,0,0
MKD,"Macedonia, FYR",NA,NA,NA,54.166666666666664,66.66666666666666,66.66666666666666,58.75,58.75,48.75,NA,NA,NA,71.42857142857143,71.42857142857143,85.71428571428571
MLI,Mali,37.347470238095234,40.36830357142857,53.11755952380953,16.666666666666664,25,29.166666666666668,70,75,70,48.4375,47.1875,41.875,14.285714285714285,14.285714285714285,71.42857142857143
MLT,Malta,81.19419642857143,81.42857142857143,86.51041666666666,75,75,79.16666666666666,100,100,100,64.0625,65,66.875,85.71428571428571,85.71428571428571,100
MMR,Myanmar,43.86532738095239,44.750744047619044,53.00967261904761,29.166666666666668,33.33333333333333,33.33333333333333,56.25,56.25,70,47.1875,46.5625,51.5625,42.857142857142854,42.857142857142854,57.14285714285714
MNE,Montenegro,62.38839285714286,61.21651785714286,64.34151785714286,37.5,37.5,50,65,61.25000000000001,61.25000000000001,75.625,74.6875,74.6875,71.42857142857143,71.42857142857143,71.42857142857143
MNG,Mongolia,65.82589285714286,68.95089285714286,69.68005952380952,50,62.5,66.66666666666666,65,65,65,76.875,76.875,75.625,71.42857142857143,71.42857142857143,71.42857142857143
MOZ,Mozambique,43.34449404761905,42.328869047619044,51.87127976190476,33.33333333333333,33.33333333333333,33.33333333333333,43.75,43.75,40,53.43750000000001,49.375,48.4375,42.857142857142854,42.857142857142854,85.71428571428571
MRT,Mauritania,32.52604166666667,30.963541666666668,43.895089285714285,29.166666666666668,29.166666666666668,25,56.25,52.5,51.24999999999999,44.6875,42.1875,42.1875,0,0,57.14285714285714
MUS,Mauritius,66.39508928571428,64.88467261904762,69.96651785714286,75,70.83333333333334,75,66.25,66.25,66.25,67.1875,65.3125,67.1875,57.14285714285714,57.14285714285714,71.42857142857143
MWI,Malawi,42.35119047619048,43.28869047619048,48.79092261904762,20.833333333333336,20.833333333333336,20.833333333333336,66.25,66.25,60,53.75,57.49999999999999,57.1875,28.57142857142857,28.57142857142857,57.14285714285714
MYS,Malaysia,58.92113095238095,60.01488095238095,72.86458333333334,54.166666666666664,54.166666666666664,58.333333333333336,53.75,57.49999999999999,66.25,70.625,71.25,66.875,57.14285714285714,57.14285714285714,100
NAM,Namibia,48.47470238095239,46.99032738095239,53.19568452380953,29.166666666666668,29.166666666666668,29.166666666666668,70,65,61.25000000000001,51.87500000000001,50.9375,50.9375,42.857142857142854,42.857142857142854,71.42857142857143
NER,Niger,48.839285714285715,46.99032738095239,56.7671130952381,25,29.166666666666668,29.166666666666668,66.25,61.25000000000001,60,61.25000000000001,54.6875,52.1875,42.857142857142854,42.857142857142854,85.71428571428571
NGA,Nigeria,55.066964285714285,52.254464285714285,56.45089285714286,37.5,37.5,37.5,56.25,45,47.5,69.375,69.375,69.375,57.14285714285714,57.14285714285714,71.42857142857143
NIC,Nicaragua,41.09747023809524,41.2016369047619,45.60639880952381,29.166666666666668,33.33333333333333,29.166666666666668,53.75,50,60,67.1875,67.1875,64.6875,14.285714285714285,14.285714285714285,28.57142857142857
NLD,Netherlands,80.32738095238093,80.32738095238093,87.93898809523809,91.66666666666666,91.66666666666666,91.66666666666666,100,100,100,72.5,72.5,74.375,57.14285714285714,57.14285714285714,85.71428571428571
NOR,Norway,81.42485119047619,83.50818452380952,91.11979166666666,83.33333333333334,91.66666666666666,91.66666666666666,100,100,100,70.9375,70.9375,72.8125,71.42857142857143,71.42857142857143,100
NPL,Nepal,49.386160714285715,49.12574404761905,49.43824404761905,25,20.833333333333336,20.833333333333336,70,75,75,59.68750000000001,57.8125,59.06249999999999,42.857142857142854,42.857142857142854,42.857142857142854
NRU,Nauru,17.395833333333332,17.447916666666664,16.40625,8.333333333333332,16.666666666666664,12.5,32.5,28.749999999999996,28.749999999999996,28.749999999999996,24.375,24.375,0,0,0
NZL,New Zealand,76.14211309523809,79.26711309523809,78.95461309523809,54.166666666666664,66.66666666666666,66.66666666666666,100,100,100,64.6875,64.6875,63.4375,85.71428571428571,85.71428571428571,85.71428571428571
OMN,Oman,38.656994047619044,40.167410714285715,46.26860119047619,33.33333333333333,37.5,33.33333333333333,32.5,32.5,32.5,45.9375,47.8125,47.8125,42.857142857142854,42.857142857142854,71.42857142857143
PAK,Pakistan,45.94494047619047,46.15327380952381,50.297619047619044,33.33333333333333,29.166666666666668,33.33333333333333,63.74999999999999,70,66.25,58.12500000000001,56.875,58.75,28.57142857142857,28.57142857142857,42.857142857142854
PAN,Panama,45.714285714285715,44.776785714285715,49.38988095238095,25,25,29.166666666666668,61.25000000000001,57.49999999999999,57.49999999999999,53.75,53.75,53.75,42.857142857142854,42.857142857142854,57.14285714285714
PER,Peru,60.58779761904761,58.71279761904761,65.07068452380953,33.33333333333333,33.33333333333333,41.66666666666667,77.5,73.75,77.5,74.375,70.625,69.6875,57.14285714285714,57.14285714285714,71.42857142857143
PHL,Philippines,72.67485119047619,71.24255952380953,72.75297619047619,45.83333333333333,41.66666666666667,45.83333333333333,90,95,100,83.4375,76.875,73.75,71.42857142857143,71.42857142857143,71.42857142857143
PLW,Palau,22.65625,21.71875,22.760416666666664,25,25,29.166666666666668,32.5,28.749999999999996,28.749999999999996,33.125,33.125,33.125,0,0,0
PNG,Papua New Guinea,20.104166666666664,22.135416666666664,26.748511904761905,16.666666666666664,16.666666666666664,20.833333333333336,32.5,36.25,36.25,31.25,35.625,35.625,0,0,14.285714285714285
POL,Poland,75.14880952380952,76.39880952380952,82.76041666666666,91.66666666666666,91.66666666666666,91.66666666666666,65,70,65,72.5,72.5,74.375,71.42857142857143,71.42857142857143,100
PRT,Portugal,91.04166666666666,91.04166666666666,91.51041666666666,91.66666666666666,91.66666666666666,91.66666666666666,100,100,100,72.5,72.5,74.375,100,100,100
PRY,Paraguay,46.64434523809524,45.83705357142857,57.723214285714285,41.66666666666667,37.5,37.5,61.25000000000001,61.25000000000001,65,69.375,70.3125,71.25,14.285714285714285,14.285714285714285,57.14285714285714
PSE,West Bank and Gaza,52.24702380952381,53.34077380952381,67.10565476190476,54.166666666666664,54.166666666666664,58.333333333333336,81.25,77.5,71.25,45,53.125,53.125,28.57142857142857,28.57142857142857,85.71428571428571
QAT,Qatar,47.276785714285715,46.235119047619044,48.86904761904761,37.5,33.33333333333333,33.33333333333333,48.75,48.75,45,60,60,60,42.857142857142854,42.857142857142854,57.14285714285714
ROU,Romania,74.03273809523809,76.37648809523809,78.72023809523809,66.66666666666666,66.66666666666666,79.16666666666666,65,70,65,78.75,83.125,85,85.71428571428571,85.71428571428571,85.71428571428571
RUS,Russian Federation,66.13095238095238,67.17261904761905,70.74404761904762,79.16666666666666,83.33333333333334,83.33333333333334,57.49999999999999,57.49999999999999,57.49999999999999,85,85,85,42.857142857142854,42.857142857142854,57.14285714285714
RWA,Rwanda,60.51339285714286,65.09672619047619,71.66666666666667,37.5,45.83333333333333,41.66666666666667,81.25,86.25,86.25,51.87500000000001,56.875,58.75,71.42857142857143,71.42857142857143,100
SAU,Saudi Arabia,53.58630952380953,54.05505952380953,57.1577380952381,29.166666666666668,29.166666666666668,29.166666666666668,70,70,66.25,43.75,45.625,47.5,71.42857142857143,71.42857142857143,85.71428571428571
SDN,Sudan,27.604166666666664,26.432291666666664,36.75595238095238,16.666666666666664,16.666666666666664,16.666666666666664,52.5,52.5,52.5,41.25,36.5625,35,0,0,42.857142857142854
SEN,Senegal,51.63318452380953,54.68005952380953,57.3139880952381,29.166666666666668,41.66666666666667,41.66666666666667,56.25,56.25,52.5,49.6875,49.375,49.375,71.42857142857143,71.42857142857143,85.71428571428571
SGP,Singapore,57.098214285714285,62.85714285714286,67.67857142857143,62.5,62.5,62.5,48.75,57.49999999999999,62.5,60,60,60,57.14285714285714,71.42857142857143,85.71428571428571
SLB,Solomon Islands,27.86830357142857,25.498511904761905,31.46949404761905,25,20.833333333333336,20.833333333333336,40,36.25,32.5,32.1875,30.625000000000004,29.6875,14.285714285714285,14.285714285714285,42.857142857142854
SLE,Sierra Leone,37.47767857142857,35.889136904761905,36.592261904761905,25,20.833333333333336,20.833333333333336,48.75,48.75,52.5,61.875,59.68750000000001,58.75,14.285714285714285,14.285714285714285,14.285714285714285
SLV,El Salvador,49.72098214285714,49.17410714285714,50.24181547619048,50,50,58.333333333333336,48.75,48.75,48.75,71.5625,69.375,65.3125,28.57142857142857,28.57142857142857,28.57142857142857
SMR,San Marino,21.875,23.958333333333336,34.67261904761905,50,58.333333333333336,58.333333333333336,25,25,25,12.5,12.5,12.5,0,0,42.857142857142854
SOM,Somalia,8.59375,6.09375,9.665178571428571,0,0,0,13.750000000000002,3.75,3.75,20.625,20.625,20.625,0,0,14.285714285714285
SRB,Serbia,77.31398809523809,77.67857142857143,79.18898809523809,66.66666666666666,75,79.16666666666666,70,65,65,86.875,85,86.875,85.71428571428571,85.71428571428571,85.71428571428571
SSD,South Sudan,24.561011904761905,20.989583333333336,22.03125,20.833333333333336,20.833333333333336,25,36.25,36.25,36.25,26.875,26.875,26.875,14.285714285714285,0,0
STP,São Tomé and Principe,NA,NA,NA,29.166666666666668,33.33333333333333,41.66666666666667,41.25,36.25,40,NA,NA,NA,14.285714285714285,14.285714285714285,57.14285714285714
SUR,Suriname,39.40848214285714,38.47098214285714,42.250744047619044,50,50,45.83333333333333,47.5,43.75,48.75,31.5625,31.5625,31.5625,28.57142857142857,28.57142857142857,42.857142857142854
SVK,Slovak Republic,83.89880952380952,86.45089285714286,90.02232142857143,91.66666666666666,100,100,100,100,100,72.5,74.375,74.375,71.42857142857143,71.42857142857143,85.71428571428571
SVN,Slovenia,87.08333333333334,87.08333333333334,87.55208333333334,83.33333333333334,83.33333333333334,83.33333333333334,100,100,100,65,65,66.875,100,100,100
SWE,Sweden,83.89880952380952,83.89880952380952,84.36755952380952,91.66666666666666,91.66666666666666,91.66666666666666,100,100,100,72.5,72.5,74.375,71.42857142857143,71.42857142857143,71.42857142857143
SWZ,Swaziland,NA,NA,NA,33.33333333333333,33.33333333333333,37.5,40,40,33.75,NA,NA,NA,NA,NA,NA
SYC,Seychelles,48.370535714285715,46.07886904761905,45.141369047619044,62.5,58.333333333333336,58.333333333333336,37.5,32.5,28.749999999999996,50.625,50.625,50.625,42.857142857142854,42.857142857142854,42.857142857142854
SYR,Syrian Arab Republic,15.286458333333334,15.15625,14.21875,20.833333333333336,25,25,31.25,27.500000000000004,23.75,9.0625,8.125,8.125,0,0,0
TCD,Chad,26.197916666666664,25.651041666666664,28.597470238095234,16.666666666666664,16.666666666666664,16.666666666666664,45,45,45,43.125,40.9375,38.4375,0,0,14.285714285714285
TGO,Togo,43.23660714285714,42.97619047619047,47.979910714285715,25,33.33333333333333,37.5,53.75,52.5,52.5,65.625,57.49999999999999,59.06249999999999,28.57142857142857,28.57142857142857,42.857142857142854
THA,Thailand,74.97023809523809,75.43898809523809,75.43898809523809,66.66666666666666,66.66666666666666,66.66666666666666,75,78.75,78.75,72.5,70.625,70.625,85.71428571428571,85.71428571428571,85.71428571428571
TJK,Tajikistan,48.21056547619047,47.74181547619047,48.91369047619048,45.83333333333333,45.83333333333333,45.83333333333333,60,56.25,60,58.4375,60.3125,61.25000000000001,28.57142857142857,28.57142857142857,28.57142857142857
TKM,Turkmenistan,21.019345238095234,20.550595238095234,20.081845238095234,4.166666666666666,4.166666666666666,4.166666666666666,28.749999999999996,28.749999999999996,28.749999999999996,36.875,35,33.125,14.285714285714285,14.285714285714285,14.285714285714285
TLS,Timor-Leste,42.16517857142857,46.46205357142857,60.74776785714286,50,50,50,65,75,75,39.375,46.5625,46.5625,14.285714285714285,14.285714285714285,71.42857142857143
TON,Tonga,23.359375,25.911458333333332,36.156994047619044,25,33.33333333333333,33.33333333333333,32.5,36.25,36.25,35.9375,34.0625,32.1875,0,0,42.857142857142854
TTO,Trinidad and Tobago,31.69642857142857,30.44642857142857,34.04389880952381,37.5,37.5,41.66666666666667,40,36.25,36.25,35,33.75,29.6875,14.285714285714285,14.285714285714285,28.57142857142857
TUN,Tunisia,51.238839285714285,49.520089285714285,59.05877976190476,25,25,33.33333333333333,61.25000000000001,56.25,56.25,61.5625,59.68750000000001,60.9375,57.14285714285714,57.14285714285714,85.71428571428571
TUR,Turkey,69.91443452380952,72.77901785714286,79.47544642857143,79.16666666666666,87.5,100,62.5,67.5,67.5,66.5625,64.6875,64.6875,71.42857142857143,71.42857142857143,85.71428571428571
TUV,Tuvalu,14.427083333333332,14.427083333333332,20.007440476190474,8.333333333333332,8.333333333333332,8.333333333333332,28.749999999999996,28.749999999999996,28.749999999999996,20.625,20.625,14.374999999999998,0,0,28.57142857142857
TZA,Tanzania,51.20535714285714,50.26785714285714,56.91964285714286,50,50,37.5,72.5,72.5,68.75,53.75,50,50,28.57142857142857,28.57142857142857,71.42857142857143
UGA,Uganda,55.00744047619048,55.45014880952381,63.58630952380952,58.333333333333336,54.166666666666664,54.166666666666664,73.75,73.75,68.75,59.375,65.3125,60,28.57142857142857,28.57142857142857,71.42857142857143
UKR,Ukraine,61.808035714285715,63.89136904761905,62.433035714285715,75,83.33333333333334,87.5,52.5,52.5,48.75,76.875,76.875,70.625,42.857142857142854,42.857142857142854,42.857142857142854
URY,Uruguay,64.65401785714286,64.65401785714286,64.65401785714286,37.5,37.5,37.5,78.75,78.75,78.75,70.9375,70.9375,70.9375,71.42857142857143,71.42857142857143,71.42857142857143
USA,United States,83.01711309523809,84.50148809523809,88.07291666666666,79.16666666666666,79.16666666666666,79.16666666666666,100,100,100,67.1875,73.125,73.125,85.71428571428571,85.71428571428571,100
UZB,Uzbekistan,33.73139880952381,40.68452380952381,60.260416666666664,41.66666666666667,66.66666666666666,66.66666666666666,15,15,20,49.6875,52.5,54.37499999999999,28.57142857142857,28.57142857142857,100
VCT,St. Vincent and the Grenadines,33.311011904761905,32.26934523809524,35.60639880952381,45.83333333333333,41.66666666666667,41.66666666666667,28.749999999999996,28.749999999999996,28.749999999999996,44.375,44.375,43.4375,14.285714285714285,14.285714285714285,28.57142857142857
VEN,"Venezuela, RB",39.620535714285715,37.901785714285715,34.933035714285715,25,25,25,41.25,36.25,36.25,49.375,47.5,35.625,42.857142857142854,42.857142857142854,42.857142857142854
VNM,Vietnam,58.79092261904761,60.718005952380956,58.843005952380956,33.33333333333333,41.66666666666667,41.66666666666667,87.5,87.5,81.25,57.1875,56.56250000000001,55.3125,57.14285714285714,57.14285714285714,57.14285714285714
VUT,Vanuatu,34.92931547619048,32.71577380952381,34.72470238095238,20.833333333333336,16.666666666666664,16.666666666666664,43.75,40,36.25,46.5625,45.625,43.125,28.57142857142857,28.57142857142857,42.857142857142854
WSM,Samoa,45.66220238095238,44.80282738095239,47.983630952380956,41.66666666666667,41.66666666666667,41.66666666666667,43.75,43.75,43.75,54.37499999999999,50.9375,49.375,42.857142857142854,42.857142857142854,57.14285714285714
XKX,Kosovo,53.214285714285715,53.214285714285715,69.53125,50,50,50,70,70,70,50,50,58.12500000000001,42.857142857142854,42.857142857142854,100
YEM,"Yemen, Rep.",24.453125,21.875,20.234375,25,25,25,38.75,31.25,31.25,34.0625,31.25,24.6875,0,0,0
ZAF,South Africa,64.81026785714286,66.21651785714286,65.27901785714286,62.5,62.5,62.5,53.75,57.49999999999999,53.75,71.5625,73.4375,73.4375,71.42857142857143,71.42857142857143,71.42857142857143
ZMB,Zambia,53.526785714285715,53.214285714285715,55.301339285714285,37.5,37.5,37.5,82.5,82.5,77.5,51.24999999999999,50,49.0625,42.857142857142854,42.857142857142854,57.14285714285714
ZWE,Zimbabwe,39.192708333333336,36.92708333333333,54.624255952380956,33.33333333333333,33.33333333333333,41.66666666666667,70,65,68.75,53.43750000000001,49.375,50.9375,0,0,57.14285714285714
